{"cameraMode":{"drawMode":0,"name":"Shaded","section":"Shading Mode"},"sceneLighting":true,"audioPlay":false,"sceneViewState":{"m_AlwaysRefresh":false,"showFog":true,"showSkybox":true,"showFlares":true,"showImageEffects":true,"showParticleSystems":true,"showVisualEffectGraphs":true,"m_FxEnabled":true},"in2DMode":false,"pivot":{"x":593.6680297851563,"y":766.5838012695313,"z":56.42833709716797},"rotation":{"x":0.0797252282500267,"y":0.002984600840136409,"z":-0.00023883119865786284,"w":0.9968218207359314},"size":747.1324462890625,"orthographic":false}