{"cameraMode":{"drawMode":0,"name":"Shaded","section":"Shading Mode"},"sceneLighting":true,"audioPlay":false,"sceneViewState":{"m_AlwaysRefresh":false,"showFog":true,"showSkybox":true,"showFlares":true,"showImageEffects":true,"showParticleSystems":true,"showVisualEffectGraphs":true,"m_FxEnabled":true},"in2DMode":false,"pivot":{"x":1.3096880912780762,"y":0.6963027119636536,"z":0.9802983999252319},"rotation":{"x":-0.2059376835823059,"y":0.7151726484298706,"z":-0.23566119372844697,"w":-0.6249797344207764},"size":15.366668701171875,"orthographic":false}