{"cameraMode":{"drawMode":0,"name":"Shaded","section":"Shading Mode"},"sceneLighting":false,"audioPlay":false,"sceneViewState":{"m_AlwaysRefresh":false,"showFog":true,"showSkybox":false,"showFlares":true,"showImageEffects":true,"showParticleSystems":true,"showVisualEffectGraphs":true,"m_FxEnabled":true},"in2DMode":false,"pivot":{"x":-0.6398987770080566,"y":0.027699947357177736,"z":-5.318000793457031},"rotation":{"x":-0.054152797907590869,"y":0.8743703961372376,"z":-0.10038620978593826,"w":-0.47167032957077029},"size":1.7530741691589356,"orthographic":false}